txn_id,account_id,txn_ts,amount,mcc,channel,decision,fraud_label,minutes_since_new_device_login,geo_mismatch_flag,failed_logins_1h,recent_ato_label,device_is_new,segment,reason_codes,risk_score,model_version
TXN-DEMO-ATO,ACC-100042,2026-09-30 18:00:00+00:00,2318.47,5732,ecom,approve,1,4.0,1,4,1,1,premium,"new_device_recent,geo_mismatch,failed_logins_burst,ato_signal",0.9,fused_gbm_v1
TXN-0006948,ACC-200041,2026-09-17 02:39:00+00:00,123.78,4511,ecom,approve,0,315.0,1,4,1,1,mass,"geo_mismatch,failed_logins_burst,ato_signal",0.0145,fused_gbm_v1
TXN-0002457,ACC-200041,2026-09-17 08:09:00+00:00,22.98,7995,card-present,approve,0,645.0,1,4,1,1,mass,"geo_mismatch,failed_logins_burst,ato_signal",0.0116,fused_gbm_v1
TXN-0004185,ACC-200241,2026-09-17 13:30:00+00:00,103.92,5541,ecom,approve,0,277.0,1,3,1,1,mass,"geo_mismatch,failed_logins_burst,ato_signal",0.0145,fused_gbm_v1
TXN-0001905,ACC-200241,2026-09-17 23:37:00+00:00,7.68,5411,ecom,approve,0,884.0,1,3,1,1,mass,"geo_mismatch,failed_logins_burst,ato_signal",0.3101,fused_gbm_v1
TXN-0005333,ACC-200154,2026-09-18 00:27:00+00:00,15.62,7995,ecom,approve,0,322.0,1,5,1,1,premium,"geo_mismatch,failed_logins_burst,ato_signal",0.0116,fused_gbm_v1
TXN-0007871,ACC-200154,2026-09-18 07:26:00+00:00,1.39,4511,card-present,approve,0,741.0,1,5,1,1,premium,"geo_mismatch,failed_logins_burst,ato_signal",0.1286,fused_gbm_v1
TXN-0002258,ACC-200322,2026-09-18 15:21:00+00:00,37.14,7995,ecom,approve,0,1294.0,1,6,1,1,mass_affluent,"geo_mismatch,failed_logins_burst,ato_signal",0.0116,fused_gbm_v1
TXN-0006755,ACC-200241,2026-09-18 15:58:00+00:00,14.19,5999,card-present,approve,0,1865.0,1,3,1,1,mass,"geo_mismatch,failed_logins_burst,ato_signal",0.0116,fused_gbm_v1
